{"count":1,"self":972.4248064,"total":19339.414910299998,"children":{"InitializeActuators":{"count":32,"self":0.0020012999999999997,"total":0.0020012999999999997,"children":null},"InitializeSensors":{"count":32,"self":0.0050171,"total":0.0050171,"children":null},"AgentSendState":{"count":1491734,"self":832.6282752,"total":1220.8860247999999,"children":{"CollectObservations":{"count":9547360,"self":3.59064,"total":3.5906401999999997,"children":null},"WriteActionMask":{"count":9547360,"self":3.1696253999999997,"total":3.1696253999999997,"children":null},"RequestDecision":{"count":9547360,"self":11.29302,"total":381.49747679999996,"children":{"AgentInfo.ToProto":{"count":9547360,"self":16.2131008,"total":370.20445709999996,"children":{"GenerateSensorData":{"count":9547360,"self":310.1170432,"total":353.99135689999997,"children":{"RayPerceptionSensor.Perceive":{"count":19094720,"self":43.874303999999995,"total":43.874303,"children":null}}}}}}}}},"DecideAction":{"count":1491734,"self":17056.6172672,"total":17056.6166114,"children":null},"AgentAct":{"count":1491734,"self":86.2970752,"total":86.297074,"children":null},"AgentInfo.ToProto":{"count":82568,"self":0.26186349999999997,"total":3.1643470999999996,"children":{"GenerateSensorData":{"count":82568,"self":2.5060344,"total":2.9024836,"children":{"RayPerceptionSensor.Perceive":{"count":165136,"self":0.3964491,"total":0.3964491,"children":null}}}}}},"gauges":{"SoccerTwos.CumulativeReward":{"count":82568,"max":0.583999336,"min":-1.05099463,"runningAverage":0.02082073,"value":0.003,"weightedAverage":0.00453408435}},"metadata":{"timer_format_version":"0.1.0","start_time_seconds":"1702720329","unity_version":"2022.3.4f1","command_line_arguments":"D:\\coding\\RL-Soccer-Twos\\training\\..\/Soccer-Twos_UnityBuild_list\/3\/Soccer-Twos.exe -nographics -batchmode --mlagents-port 5005 -logFile D:\\coding\\RL-Soccer-Twos\\training\\results\\3\\run_logs\\Player-0.log","communication_protocol_version":"1.5.0","com.unity.ml-agents_version":"3.0.0-exp.1","scene_name":"SoccerTwos","end_time_seconds":"1702739668"}}