{
    "name": "root",
    "gauges": {
        "SoccerTwos.Policy.Entropy.mean": {
            "value": 2.8793482780456543,
            "min": 2.7701773643493652,
            "max": 3.2956764698028564,
            "count": 564
        },
        "SoccerTwos.Policy.Entropy.sum": {
            "value": 62838.8984375,
            "min": 26340.0703125,
            "max": 116272.6640625,
            "count": 564
        },
        "SoccerTwos.Environment.EpisodeLength.mean": {
            "value": 999.0,
            "min": 494.1111111111111,
            "max": 999.0,
            "count": 564
        },
        "SoccerTwos.Environment.EpisodeLength.sum": {
            "value": 19980.0,
            "min": 16660.0,
            "max": 23696.0,
            "count": 564
        },
        "SoccerTwos.Self-play.ELO.mean": {
            "value": 1184.5096723534032,
            "min": 1184.5096723534032,
            "max": 1202.0554969772008,
            "count": 44
        },
        "SoccerTwos.Self-play.ELO.sum": {
            "value": 2369.0193447068064,
            "min": 2369.0193447068064,
            "max": 14424.66596372641,
            "count": 44
        },
        "SoccerTwos.Step.mean": {
            "value": 5639106.0,
            "min": 9286.0,
            "max": 5639106.0,
            "count": 564
        },
        "SoccerTwos.Step.sum": {
            "value": 5639106.0,
            "min": 9286.0,
            "max": 5639106.0,
            "count": 564
        },
        "SoccerTwos.Policy.ExtrinsicBaselineEstimate.mean": {
            "value": 16.447452545166016,
            "min": -3.733881711959839,
            "max": 16.62082290649414,
            "count": 564
        },
        "SoccerTwos.Policy.ExtrinsicBaselineEstimate.sum": {
            "value": 164.4745330810547,
            "min": -70.40995025634766,
            "max": 261.15142822265625,
            "count": 564
        },
        "SoccerTwos.Policy.ExtrinsicValueEstimate.mean": {
            "value": 16.448284149169922,
            "min": -4.305582523345947,
            "max": 16.621238708496094,
            "count": 564
        },
        "SoccerTwos.Policy.ExtrinsicValueEstimate.sum": {
            "value": 164.4828338623047,
            "min": -81.55782318115234,
            "max": 260.92962646484375,
            "count": 564
        },
        "SoccerTwos.Environment.CumulativeReward.mean": {
            "value": 0.0,
            "min": 0.0,
            "max": 0.0,
            "count": 564
        },
        "SoccerTwos.Environment.CumulativeReward.sum": {
            "value": 0.0,
            "min": 0.0,
            "max": 0.0,
            "count": 564
        },
        "SoccerTwos.Policy.ExtrinsicReward.mean": {
            "value": 162.79819030761718,
            "min": -77.86745540912335,
            "max": 166.42007598876953,
            "count": 564
        },
        "SoccerTwos.Policy.ExtrinsicReward.sum": {
            "value": 1627.9819030761719,
            "min": -1219.1447563171387,
            "max": 1789.2007837295532,
            "count": 564
        },
        "SoccerTwos.Environment.GroupCumulativeReward.mean": {
            "value": 162.79819030761718,
            "min": -77.86745540912335,
            "max": 166.42007598876953,
            "count": 564
        },
        "SoccerTwos.Environment.GroupCumulativeReward.sum": {
            "value": 1627.9819030761719,
            "min": -1219.1447563171387,
            "max": 1789.2007837295532,
            "count": 564
        },
        "SoccerTwos.IsTraining.mean": {
            "value": 1.0,
            "min": 1.0,
            "max": 1.0,
            "count": 564
        },
        "SoccerTwos.IsTraining.sum": {
            "value": 1.0,
            "min": 1.0,
            "max": 1.0,
            "count": 564
        },
        "SoccerTwos.Losses.PolicyLoss.mean": {
            "value": 0.01777071484636205,
            "min": 0.01141032507099832,
            "max": 0.024474102699120218,
            "count": 257
        },
        "SoccerTwos.Losses.PolicyLoss.sum": {
            "value": 0.01777071484636205,
            "min": 0.01141032507099832,
            "max": 0.024474102699120218,
            "count": 257
        },
        "SoccerTwos.Losses.ValueLoss.mean": {
            "value": 0.007843881954128544,
            "min": 0.0027970034124640128,
            "max": 41.41667887369792,
            "count": 257
        },
        "SoccerTwos.Losses.ValueLoss.sum": {
            "value": 0.007843881954128544,
            "min": 0.0027970034124640128,
            "max": 41.41667887369792,
            "count": 257
        },
        "SoccerTwos.Losses.BaselineLoss.mean": {
            "value": 0.007884517420704167,
            "min": 0.002744092869882782,
            "max": 53.24283663431803,
            "count": 257
        },
        "SoccerTwos.Losses.BaselineLoss.sum": {
            "value": 0.007884517420704167,
            "min": 0.002744092869882782,
            "max": 53.24283663431803,
            "count": 257
        },
        "SoccerTwos.Policy.LearningRate.mean": {
            "value": 0.0003,
            "min": 0.0003,
            "max": 0.0003,
            "count": 257
        },
        "SoccerTwos.Policy.LearningRate.sum": {
            "value": 0.0003,
            "min": 0.0003,
            "max": 0.0003,
            "count": 257
        },
        "SoccerTwos.Policy.Epsilon.mean": {
            "value": 0.20000000000000007,
            "min": 0.20000000000000007,
            "max": 0.20000000000000007,
            "count": 257
        },
        "SoccerTwos.Policy.Epsilon.sum": {
            "value": 0.20000000000000007,
            "min": 0.20000000000000007,
            "max": 0.20000000000000007,
            "count": 257
        },
        "SoccerTwos.Policy.Beta.mean": {
            "value": 0.005000000000000001,
            "min": 0.005000000000000001,
            "max": 0.005000000000000001,
            "count": 257
        },
        "SoccerTwos.Policy.Beta.sum": {
            "value": 0.005000000000000001,
            "min": 0.005000000000000001,
            "max": 0.005000000000000001,
            "count": 257
        }
    },
    "metadata": {
        "timer_format_version": "0.1.0",
        "start_time_seconds": "1702681012",
        "python_version": "3.10.12 | packaged by Anaconda, Inc. | (main, Jul  5 2023, 19:01:18) [MSC v.1916 64 bit (AMD64)]",
        "command_line_arguments": "train_ma-poca.py ./SoccerTwos.yaml --no-graphics --env=../Soccer-Twos_UnityBuild_list/1/Soccer-Twos.exe --run-id=1",
        "mlagents_version": "1.1.0.dev0",
        "mlagents_envs_version": "1.1.0.dev0",
        "communication_protocol_version": "1.5.0",
        "pytorch_version": "2.1.2+cpu",
        "numpy_version": "1.23.5",
        "end_time_seconds": "1702703042"
    },
    "total": 22029.710406299997,
    "count": 1,
    "self": 0.7612364999949932,
    "children": {
        "run_training.setup": {
            "total": 0.2690690999988874,
            "count": 1,
            "self": 0.2690690999988874
        },
        "TrainerController.start_learning": {
            "total": 22028.680100700003,
            "count": 1,
            "self": 11.41654780076351,
            "children": {
                "TrainerController._reset_env": {
                    "total": 18.058288600001106,
                    "count": 29,
                    "self": 18.058288600001106
                },
                "TrainerController.advance": {
                    "total": 21999.025546599234,
                    "count": 369373,
                    "self": 11.757202099903225,
                    "children": {
                        "env_step": {
                            "total": 9459.742242599332,
                            "count": 369373,
                            "self": 7344.2874317987025,