{"count":1,"self":32.0845984,"total":34.0840859,"children":{"InitializeActuators":{"count":32,"self":0.0030007999999999996,"total":0.0030007999999999996,"children":null},"InitializeSensors":{"count":32,"self":0.0059954,"total":0.0059954,"children":null},"AgentSendState":{"count":1614,"self":0.8899169,"total":0.900944,"children":{"CollectObservations":{"count":10336,"self":0.0040189,"total":0.0040189,"children":null},"WriteActionMask":{"count":10336,"self":0.0029985999999999997,"total":0.0029985999999999997,"children":null},"RequestDecision":{"count":10336,"self":0.0040095999999999994,"total":0.0040095999999999994,"children":null}}},"DecideAction":{"count":1614,"self":0.94311839999999991,"total":0.9906898999999999,"children":{"RayPerceptionSensor.Perceive":{"count":20672,"self":0.047571499999999996,"total":0.047571499999999996,"children":null}}},"AgentAct":{"count":1614,"self":0.095839399999999991,"total":0.095839399999999991,"children":null}},"gauges":{"SoccerTwos.CumulativeReward":{"count":136,"max":0,"min":0,"runningAverage":0,"value":0,"weightedAverage":0}},"metadata":{"timer_format_version":"0.1.0","start_time_seconds":"1702467920","unity_version":"2022.3.4f1","command_line_arguments":"D:\\TOSHIBA_DT01ACA300\\common\\RL_in_HCI\\Competition2\\RL-Soccer-Twos\\soccer-twos_env_build\\original\\UnityEnvironment.exe","communication_protocol_version":"1.5.0","com.unity.ml-agents_version":"3.0.0-exp.1","scene_name":"SoccerTwos","end_time_seconds":"1702467954"}}