{"count":1,"self":1434.8967936,"total":22019.0449633,"children":{"InitializeActuators":{"count":32,"self":0.003002,"total":0.003002,"children":null},"InitializeSensors":{"count":32,"self":0.0049962999999999995,"total":0.0049962999999999995,"children":null},"AgentSendState":{"count":1834051,"self":962.1992448,"total":1457.3128043,"children":{"CollectObservations":{"count":11737984,"self":3.6804295999999996,"total":3.6804295999999996,"children":null},"WriteActionMask":{"count":11737984,"self":3.5105304,"total":3.5105306,"children":null},"RequestDecision":{"count":11737984,"self":14.371012799999999,"total":487.9226316,"children":{"AgentInfo.ToProto":{"count":11737984,"self":17.4571872,"total":473.55161899999996,"children":{"GenerateSensorData":{"count":11737984,"self":405.2993792,"total":456.09443239999996,"children":{"RayPerceptionSensor.Perceive":{"count":23475968,"self":50.795043199999995,"total":50.7950446,"children":null}}}}}}}}},"DecideAction":{"count":1834051,"self":19020.6132224,"total":19020.6125803,"children":null},"AgentAct":{"count":1834051,"self":105.71754879999999,"total":105.71755069999999,"children":null},"AgentInfo.ToProto":{"count":11920,"self":0.0300045,"total":0.49325529999999995,"children":{"GenerateSensorData":{"count":11920,"self":0.4092555,"total":0.46325079999999996,"children":{"RayPerceptionSensor.Perceive":{"count":23840,"self":0.053995299999999996,"total":0.053995299999999996,"children":null}}}}}},"gauges":{"SoccerTwos.CumulativeReward":{"count":11920,"max":0,"min":0,"runningAverage":0,"value":0,"weightedAverage":0}},"metadata":{"timer_format_version":"0.1.0","start_time_seconds":"1702681023","unity_version":"2022.3.4f1","command_line_arguments":"D:\\coding\\RL-Soccer-Twos\\training\\..\/Soccer-Twos_UnityBuild_list\/1\/Soccer-Twos.exe -nographics -batchmode --mlagents-port 5005 -logFile D:\\coding\\RL-Soccer-Twos\\training\\results\\1\\run_logs\\Player-0.log","communication_protocol_version":"1.5.0","com.unity.ml-agents_version":"3.0.0-exp.1","scene_name":"SoccerTwos","end_time_seconds":"1702703041"}}